[{"model": "network.user", "pk": 1, "fields": {"password": "pbkdf2_sha256$320000$3MV5axHIsfl4DKCcbVK5Kh$eIvDNzX9I4a9l8RKqc5SDdx63aid81IZHR1vIVrn7c0=", "last_login": "2022-02-13T21:29:56.241Z", "is_superuser": false, "username": "Pamm", "first_name": "", "last_name": "", "email": "pam@o.com", "is_staff": false, "is_active": true, "date_joined": "2022-02-13T21:29:55.378Z", "profile_image": "images/moon.jpg", "cover_image": "cover/network.jpg", "bio": "Hello, im new!", "groups": [], "user_permissions": []}}, {"model": "network.user", "pk": 2, "fields": {"password": "pbkdf2_sha256$260000$QRMCttp35oOKEABAjdB0OJ$+znTotxqPg6jqCB9E9dWGKQJar7eUn3n6SSw7/9mz+0=", "last_login": "2022-05-17T13:35:59.116Z", "is_superuser": false, "username": "testingthis", "first_name": "", "last_name": "", "email": "testing@test.comi", "is_staff": false, "is_active": true, "date_joined": "2022-05-17T13:35:58.569Z", "profile_image": "images/moon_T1Wk2TL.jpg", "cover_image": "cover/jaguar.jpg", "bio": "Hello, im new!", "groups": [], "user_permissions": []}}, {"model": "network.user", "pk": 3, "fields": {"password": "pbkdf2_sha256$260000$TQE8Vr5hztd7VWr5f219Kg$/YysjKn0y79wEOGSHO3lkemgNR/ll+InUffxb3lwAJ0=", "last_login": "2022-05-17T14:00:00.530Z", "is_superuser": false, "username": "MindGames", "first_name": "", "last_name": "", "email": "mind@games.ca", "is_staff": false, "is_active": true, "date_joined": "2022-05-17T14:00:00.044Z", "profile_image": "images/moon_yP7JhC5.jpg", "cover_image": "cover/jaguar.jpg", "bio": "Hello, im new!", "groups": [], "user_permissions": []}}, {"model": "network.user", "pk": 4, "fields": {"password": "pbkdf2_sha256$260000$Mue5MAug7xpLS7E7B9ce3k$1o5Cj0pBXWPyz+0Ou3BHjXEFNvDm6es2MvKaeUmmrHw=", "last_login": "2022-05-17T14:02:16.390Z", "is_superuser": false, "username": "psy", "first_name": "", "last_name": "", "email": "psy@psy.com", "is_staff": false, "is_active": true, "date_joined": "2022-05-17T14:02:16.184Z", "profile_image": "images/trippy_art.jpg", "cover_image": "cover/jaguar.jpg", "bio": "Hello, im new!", "groups": [], "user_permissions": []}}, {"model": "network.user", "pk": 5, "fields": {"password": "pbkdf2_sha256$260000$SCYQabD3VH769Di70KDYhb$eK+uGloCppINvc0U6nZIXL7oT1MR3QVcEMzbBvnbR7M=", "last_login": "2022-05-17T14:04:16.011Z", "is_superuser": false, "username": "alien", "first_name": "", "last_name": "", "email": "alien@alien.com", "is_staff": false, "is_active": true, "date_joined": "2022-05-17T14:04:15.816Z", "profile_image": "images/images.jpg", "cover_image": "cover/jaguar.jpg", "bio": "Hello, im new!", "groups": [], "user_permissions": []}}, {"model": "network.user", "pk": 6, "fields": {"password": "pbkdf2_sha256$260000$S14bPvnI6F8brKt8jyXnNs$1RyXgi5NR4Yg1cQhI/qmVDiY4UPzylogCkn7jFTSViw=", "last_login": "2022-05-17T14:07:45.410Z", "is_superuser": false, "username": "Mind", "first_name": "", "last_name": "", "email": "mind@mind.com", "is_staff": false, "is_active": true, "date_joined": "2022-05-17T14:07:45.216Z", "profile_image": "images/q.png", "cover_image": "cover/trippy_art.jpg", "bio": "", "groups": [], "user_permissions": []}}, {"model": "network.user", "pk": 7, "fields": {"password": "pbkdf2_sha256$260000$YXiojD18IxwRMxpQKSLXbG$+m+JQ+6wwbUEfslPRXqJUQPEFtOSWas/cywstPfiH+g=", "last_login": "2022-05-18T13:21:14.827Z", "is_superuser": false, "username": "sam", "first_name": "", "last_name": "", "email": "sam@sam", "is_staff": false, "is_active": true, "date_joined": "2022-05-18T13:21:14.607Z", "profile_image": "images/q_lDptdib.png", "cover_image": "cover/jaguar.jpg", "bio": "Hello, im new!", "groups": [], "user_permissions": []}}, {"model": "network.user", "pk": 8, "fields": {"password": "pbkdf2_sha256$260000$nPf6RntO6ovgZB7jShtxES$kgvYSXxaFhK2ky93rZVSQLbxZCzhRMJzkarfPhP5MSE=", "last_login": "2022-05-18T13:22:23.204Z", "is_superuser": false, "username": "q", "first_name": "", "last_name": "", "email": "q@sa.com", "is_staff": false, "is_active": true, "date_joined": "2022-05-18T13:22:22.985Z", "profile_image": "images/jaguar_oZtHryR.jpg", "cover_image": "cover/jaguar.jpg", "bio": "Hello, im new!", "groups": [], "user_permissions": []}}, {"model": "network.user", "pk": 9, "fields": {"password": "pbkdf2_sha256$260000$MToAhrp7qcLPgWazwxzP0U$YSpKHpfFr/qr2Ywxgx70Zfxdx0T90rEWIYiCOaJ4Ya4=", "last_login": "2022-05-18T14:15:56.298Z", "is_superuser": false, "username": "pharaon", "first_name": "", "last_name": "", "email": "pharaon@hotmail.com", "is_staff": false, "is_active": true, "date_joined": "2022-05-18T14:15:56.102Z", "profile_image": "images/images_1.jpg", "cover_image": "cover/egyptian-gods.jpg", "bio": "", "groups": [], "user_permissions": []}}, {"model": "network.user", "pk": 10, "fields": {"password": "pbkdf2_sha256$260000$jUaI121JvZ14syP3u6qHHm$JW2bzc65UbBvDokV0cw8pVg4wZm8N9vBIpqHpuUykHo=", "last_login": "2022-05-18T20:28:35.927Z", "is_superuser": false, "username": "first", "first_name": "", "last_name": "", "email": "first@first.com", "is_staff": false, "is_active": true, "date_joined": "2022-05-18T20:26:37.991Z", "profile_image": "images/1-scary-tiger-head-robbybubble.jpg", "cover_image": "cover/jaguar.jpg", "bio": "Hello, im new!", "groups": [], "user_permissions": []}}, {"model": "network.user", "pk": 11, "fields": {"password": "pbkdf2_sha256$260000$HsC7sNzIgf8LiASc98aB1A$2l9YxYCl+QnxEi5eWBfen2+4i26R3y5TfqeO71/m9To=", "last_login": "2022-05-18T20:27:28.822Z", "is_superuser": false, "username": "second", "first_name": "", "last_name": "", "email": "second@second.com", "is_staff": false, "is_active": true, "date_joined": "2022-05-18T20:27:28.008Z", "profile_image": "images/egyptian-gods.jpg", "cover_image": "cover/jaguar.jpg", "bio": "Hello, im new!", "groups": [], "user_permissions": []}}, {"model": "network.user", "pk": 12, "fields": {"password": "pbkdf2_sha256$260000$7pbrKSMU8fU2uMgTpNxV5t$eU8CV7pkxxZwSGgvZEhs2+SifIiH+B2LMMZ8A4hQggo=", "last_login": "2022-05-18T20:37:36.474Z", "is_superuser": false, "username": "third", "first_name": "", "last_name": "", "email": "third@third.com", "is_staff": false, "is_active": true, "date_joined": "2022-05-18T20:37:35.837Z", "profile_image": "images/1-scary-tiger-head-robbybubble_MFXvhQo.jpg", "cover_image": "cover/jaguar.jpg", "bio": "Hello, im new!", "groups": [], "user_permissions": []}}, {"model": "network.user", "pk": 13, "fields": {"password": "pbkdf2_sha256$260000$XnXFfUT2CHjWewglKQVbEH$dIB7ij8Dmq6YJ9wYeBbzXVlAIZB2BGjnhZskosd9Kyk=", "last_login": "2022-05-18T20:38:27.754Z", "is_superuser": false, "username": "fourth", "first_name": "", "last_name": "", "email": "fourth@door.com", "is_staff": false, "is_active": true, "date_joined": "2022-05-18T20:38:27.105Z", "profile_image": "images/egyptian-gods_7uQyLOR.jpg", "cover_image": "cover/jaguar.jpg", "bio": "Hello, im new!", "groups": [], "user_permissions": []}}, {"model": "network.user", "pk": 14, "fields": {"password": "pbkdf2_sha256$260000$ENZoQ08K5myogJBSiCMjnK$rsi+1C0llORI3MjabINKYu+oUTk5S8tCUeZunBhPw38=", "last_login": "2022-05-18T20:39:22.910Z", "is_superuser": false, "username": "??", "first_name": "", "last_name": "", "email": "zoop@doop.com", "is_staff": false, "is_active": true, "date_joined": "2022-05-18T20:39:22.436Z", "profile_image": "images/trippy_art_ewaZ7mx.jpg", "cover_image": "cover/jaguar.jpg", "bio": "Hello, im new!", "groups": [], "user_permissions": []}}, {"model": "network.user", "pk": 15, "fields": {"password": "pbkdf2_sha256$320000$Kh6OzYPIv8OvyAEft4LFXC$OTa5MPqf61Y33oNz9myTTkKM7ulOxGmeqknwfHcprCU=", "last_login": "2022-05-31T12:01:34.075Z", "is_superuser": false, "username": "this", "first_name": "", "last_name": "", "email": "this@this.com", "is_staff": false, "is_active": true, "date_joined": "2022-05-31T12:01:33.160Z", "profile_image": "images/trippy_art_Joz4Rdh.jpg", "cover_image": "cover/jaguar.jpg", "bio": "Hello, im new!", "groups": [], "user_permissions": []}}, {"model": "network.user", "pk": 16, "fields": {"password": "pbkdf2_sha256$320000$13aB0IuQRWzvkhwlsKZTTX$Q/iDHk7zB3MWgo3fMn/TDZY1cmgU0SMwy/TNX9/mT4w=", "last_login": "2022-06-23T14:00:36.528Z", "is_superuser": false, "username": "test", "first_name": "", "last_name": "", "email": "test@test.com", "is_staff": false, "is_active": true, "date_joined": "2022-06-22T23:50:31.897Z", "profile_image": "images/Eye_Chart_-_iridology_.jpg", "cover_image": "cover/default.jpg", "bio": "Hello, im new!", "groups": [], "user_permissions": []}}, {"model": "network.user", "pk": 17, "fields": {"password": "pbkdf2_sha256$320000$oUHGsfGYQrAcSq868jl1xZ$4z6tyYB06DEasal5OzAdbci6rMoVzHGgPKaAkjSxlM0=", "last_login": "2022-06-23T00:56:57.063Z", "is_superuser": false, "username": "sa", "first_name": "", "last_name": "", "email": "asa@sa.com", "is_staff": false, "is_active": true, "date_joined": "2022-06-23T00:56:56.393Z", "profile_image": "images/Eye_Chart_-_iridology__Aj6Cr9Q.jpg", "cover_image": "cover/jaguar.jpg", "bio": "Hello, im new!", "groups": [], "user_permissions": []}}, {"model": "network.user", "pk": 18, "fields": {"password": "pbkdf2_sha256$320000$mSvoYTTU4MASCbk9iRvmi0$kNg/hJIaE/enUbdakmK6k4IEpn1HbqJyHW5e2Q4ess0=", "last_login": "2022-06-23T13:30:05.099Z", "is_superuser": false, "username": "test2", "first_name": "", "last_name": "", "email": "test@test2.com", "is_staff": false, "is_active": true, "date_joined": "2022-06-23T12:40:42.522Z", "profile_image": "images/Eye_Chart_-_iridology__4jVSHaQ.jpg", "cover_image": "cover/image-20-06-22-07-11-7.jpeg", "bio": "sa", "groups": [], "user_permissions": []}}, {"model": "network.user", "pk": 19, "fields": {"password": "pbkdf2_sha256$320000$YvgSRysYcvTPFFLPQsJsi7$Irzk5ZWianE3ErdlRlbd/vmlPtdYXlSgxQ9LNjBRSeU=", "last_login": "2022-06-23T13:31:34.321Z", "is_superuser": false, "username": "op", "first_name": "", "last_name": "", "email": "op@op.com", "is_staff": false, "is_active": true, "date_joined": "2022-06-23T13:31:34.054Z", "profile_image": "images/8253f3269553f02c65436d7bbca4b69e.jpg", "cover_image": "cover/jaguar.jpg", "bio": "Hello, im new!", "groups": [], "user_permissions": []}}, {"model": "network.user", "pk": 20, "fields": {"password": "pbkdf2_sha256$320000$tiRJjvCxI6QMNgM3jArBPX$JgQgrYSXzj9Gu1qhiFm6XiWLRxzd67Wh9tMahH9/0DU=", "last_login": "2022-06-23T13:37:23.033Z", "is_superuser": false, "username": "as", "first_name": "", "last_name": "", "email": "as@as.com", "is_staff": false, "is_active": true, "date_joined": "2022-06-23T13:37:22.792Z", "profile_image": "images/553369ad7a43a9d34d1cfb60376e82e2.jpg", "cover_image": "cover/network.jpg", "bio": "Hello, im new!", "groups": [], "user_permissions": []}}, {"model": "network.user", "pk": 21, "fields": {"password": "pbkdf2_sha256$320000$HQpMX1n5g3WbuT1oHGD0lS$c3dO425EBMeJOrBDdZxfktRLC2MMEEBm7GyVv1aKjRY=", "last_login": "2022-06-23T13:38:22.409Z", "is_superuser": false, "username": "qq", "first_name": "", "last_name": "", "email": "qq@qq.com", "is_staff": false, "is_active": true, "date_joined": "2022-06-23T13:38:22.158Z", "profile_image": "images/553369ad7a43a9d34d1cfb60376e82e2_67EAHxs.jpg", "cover_image": "cover/1.jpg", "bio": "Hello, im new!", "groups": [], "user_permissions": []}}, {"model": "network.user", "pk": 22, "fields": {"password": "pbkdf2_sha256$320000$949dRMbs4Y5LqQ8oU9I58s$dWVpwCFis14YPyP2ai5JJnnPY+U5Fvi9ieKiuIpL8fg=", "last_login": "2022-06-23T13:39:30.161Z", "is_superuser": false, "username": "qqq", "first_name": "", "last_name": "", "email": "qqq@qqq.com", "is_staff": false, "is_active": true, "date_joined": "2022-06-23T13:39:29.923Z", "profile_image": "images/image-20-06-22-07-11-14.jpeg", "cover_image": "network/1.jpg", "bio": "Hello, im new!", "groups": [], "user_permissions": []}}, {"model": "network.user", "pk": 23, "fields": {"password": "pbkdf2_sha256$320000$zDMXvVSBJJg8dTo7oD5otF$M2D6HXuFvQdbUtGxd8zX8u4IbkVtGrMX2SlHGygFfTs=", "last_login": "2022-06-23T13:41:43.322Z", "is_superuser": false, "username": "qw", "first_name": "", "last_name": "", "email": "qw@qw.com", "is_staff": false, "is_active": true, "date_joined": "2022-06-23T13:41:43.056Z", "profile_image": "images/9298a2738ed5e2a4996075e98bee21fb.jpg", "cover_image": "cover/jaguar.jpg", "bio": "Hello, im new!", "groups": [], "user_permissions": []}}, {"model": "network.user", "pk": 24, "fields": {"password": "pbkdf2_sha256$320000$GK2CsDNCxHCp39aJFhpbeL$16n8laUJ7+ARxKDX+fZBTFSnf9p3jXYvjb4lFXC6udE=", "last_login": "2022-06-23T13:42:36.804Z", "is_superuser": false, "username": "1", "first_name": "", "last_name": "", "email": "1@1.com", "is_staff": false, "is_active": true, "date_joined": "2022-06-23T13:42:36.571Z", "profile_image": "images/553369ad7a43a9d34d1cfb60376e82e2_NYnBlxe.jpg", "cover_image": "cover/jaguar.jpg", "bio": "Hello, im new!", "groups": [], "user_permissions": []}}, {"model": "network.user", "pk": 25, "fields": {"password": "pbkdf2_sha256$320000$ZgdKuBtKIZJvcj0sH16csy$j+4RQTHprfshU3FW1r/X3pBURlBp7YOnaM753YgKDCo=", "last_login": "2022-06-23T13:43:27.257Z", "is_superuser": false, "username": "22", "first_name": "", "last_name": "", "email": "2@2.xom", "is_staff": false, "is_active": true, "date_joined": "2022-06-23T13:43:27.024Z", "profile_image": "images/21.jpg", "cover_image": "cover/jaguar.jpg", "bio": "Hello, im new!", "groups": [], "user_permissions": []}}, {"model": "network.user", "pk": 26, "fields": {"password": "pbkdf2_sha256$320000$ffe7PUdO1nqrYRN9KExnde$smDo99+4qDNG37TPfjsBTGcFtiyd/khdCsijwcjQ6YQ=", "last_login": "2022-06-23T13:44:24.975Z", "is_superuser": false, "username": "wq", "first_name": "", "last_name": "", "email": "wq@wq.com", "is_staff": false, "is_active": true, "date_joined": "2022-06-23T13:44:24.742Z", "profile_image": "images/553369ad7a43a9d34d1cfb60376e82e2_6tetUzA.jpg", "cover_image": "network/1.jpg", "bio": "Hello, im new!", "groups": [], "user_permissions": []}}, {"model": "network.user", "pk": 27, "fields": {"password": "pbkdf2_sha256$320000$L5e7FsMMJQt3jL5Yc0UHMH$2dVVB9vLyFuv6IwDzTzlUeiizSoumqiBvwH1AIHuuPk=", "last_login": "2022-06-23T13:45:21.967Z", "is_superuser": false, "username": "ww", "first_name": "", "last_name": "", "email": "ww@ww.com", "is_staff": false, "is_active": true, "date_joined": "2022-06-23T13:45:21.727Z", "profile_image": "images/image-20-06-22-07-11-8.jpeg", "cover_image": "static/network/1.jpg", "bio": "Hello, im new!", "groups": [], "user_permissions": []}}, {"model": "network.user", "pk": 28, "fields": {"password": "pbkdf2_sha256$320000$IZRcPrhIPeMjEAGqjBt3Pa$MvGGsOAIx6L27awyuQSBf7gUW0aIayMa554wN77yn5Q=", "last_login": "2022-06-23T13:46:23.379Z", "is_superuser": false, "username": "as22", "first_name": "", "last_name": "", "email": "as2@asa.com", "is_staff": false, "is_active": true, "date_joined": "2022-06-23T13:46:23.146Z", "profile_image": "images/image-20-06-22-07-11-4.jpeg", "cover_image": "static/network/1.jpg", "bio": "Hello, im new!", "groups": [], "user_permissions": []}}, {"model": "network.user", "pk": 29, "fields": {"password": "pbkdf2_sha256$320000$pKHG2RIMuIYlKnTiUlTGT1$V3FPgNVDIEVlLQNJi8PteV+q7gUZrGX8gybRsDL6JmI=", "last_login": "2022-06-23T13:49:19.189Z", "is_superuser": false, "username": "44", "first_name": "", "last_name": "", "email": "44@44.com", "is_staff": false, "is_active": true, "date_joined": "2022-06-23T13:49:18.953Z", "profile_image": "images/image-20-06-22-07-11-14_FHgJqxQ.jpeg", "cover_image": "1.jpg", "bio": "Hello, im new!", "groups": [], "user_permissions": []}}, {"model": "network.user", "pk": 30, "fields": {"password": "pbkdf2_sha256$320000$nYv3jyM9BQMvTnNGAuW83n$S6mSd7F4j2zuoP08KLI+PFgnUaEPnNieCpG8ROYanHA=", "last_login": "2022-06-23T13:55:36.973Z", "is_superuser": false, "username": "qwa", "first_name": "", "last_name": "", "email": "waq@sa.com", "is_staff": false, "is_active": true, "date_joined": "2022-06-23T13:55:36.739Z", "profile_image": "images/9298a2738ed5e2a4996075e98bee21fb_VguNgcb.jpg", "cover_image": "images/image-20-06-22-07-11-14_FHgJqxQ.jpeg", "bio": "Hello, im new!", "groups": [], "user_permissions": []}}, {"model": "network.user", "pk": 31, "fields": {"password": "pbkdf2_sha256$320000$JHTGfPIgG0R9LnmX36b8eu$Oq7+3kP+fde4v3qOky1iW66rXnkyLQnmQ52/cdRoXDc=", "last_login": "2022-06-23T14:01:41.127Z", "is_superuser": false, "username": "ola", "first_name": "", "last_name": "", "email": "ola@oola.com", "is_staff": false, "is_active": true, "date_joined": "2022-06-23T14:01:40.893Z", "profile_image": "images/553369ad7a43a9d34d1cfb60376e82e2_td3p8Mp.jpg", "cover_image": "images/default.jpeg", "bio": "Hello, im new!", "groups": [], "user_permissions": []}}, {"model": "network.user", "pk": 32, "fields": {"password": "pbkdf2_sha256$320000$SIL0NnG5967qJaHbOnd8Hk$dCSgzR8j4YTOFGqMypd1uc7c+A3EaXJMzNEsTebMev0=", "last_login": "2022-06-23T14:02:19.727Z", "is_superuser": false, "username": "asa", "first_name": "", "last_name": "", "email": "asa@saa.com", "is_staff": false, "is_active": true, "date_joined": "2022-06-23T14:02:19.498Z", "profile_image": "images/9298a2738ed5e2a4996075e98bee21fb_3zFHSAI.jpg", "cover_image": "cover/default_oV2LqPI.jpg", "bio": "Hello, im new!", "groups": [], "user_permissions": []}}, {"model": "network.user", "pk": 33, "fields": {"password": "pbkdf2_sha256$320000$mZACKX4jxJRuNAuahRsx6l$+LGohqOkusUkrB4JP8dDt0dmr2vMjtUKyUAnKmJMhXk=", "last_login": "2022-06-23T14:03:17.596Z", "is_superuser": false, "username": "asaa", "first_name": "", "last_name": "", "email": "asaa@asaaa.com", "is_staff": false, "is_active": true, "date_joined": "2022-06-23T14:03:17.370Z", "profile_image": "images/image-20-06-22-07-11-14_Z5i9WLk.jpeg", "cover_image": "cover/default_n4tZaJy.jpg", "bio": "Hello, im new!", "groups": [], "user_permissions": []}}, {"model": "network.user", "pk": 34, "fields": {"password": "pbkdf2_sha256$320000$PxusnS1DdhIHtDBVS62Uwn$imKPeo2bY4H3a3pgSZXOqd17c/2iDABG41RR68Qx8VQ=", "last_login": "2022-06-23T14:05:49.461Z", "is_superuser": false, "username": "asaaa", "first_name": "", "last_name": "", "email": "asaaa@asa.com", "is_staff": false, "is_active": true, "date_joined": "2022-06-23T14:05:49.225Z", "profile_image": "images/image-20-06-22-07-11-13.jpeg", "cover_image": "images/default.jpg", "bio": "Hello, im new!", "groups": [], "user_permissions": []}}, {"model": "network.user", "pk": 35, "fields": {"password": "pbkdf2_sha256$320000$83cj8xrSLScoOaYxqic03c$R1GcRArh36Qb5na77zYcPWLUcp5ZnGaioib5+dmjt5U=", "last_login": "2022-07-06T19:56:48.321Z", "is_superuser": false, "username": "qwq", "first_name": "", "last_name": "", "email": "123@12.com", "is_staff": false, "is_active": true, "date_joined": "2022-07-06T19:56:48.060Z", "profile_image": "images/1-scary-tiger-head-robbybubble_MFeLd22.jpg", "cover_image": "images/default.jpg", "bio": "Hello, im new!", "groups": [], "user_permissions": []}}, {"model": "network.user", "pk": 36, "fields": {"password": "pbkdf2_sha256$320000$KLV6OmBB0VBvz91sbIJIjF$vbwj9r27Tt6Pem4I6pudE9fUa3T/w+KaAborDG0R4cA=", "last_login": "2022-07-06T20:02:15.491Z", "is_superuser": false, "username": "qwaA", "first_name": "", "last_name": "", "email": "as2@asa.comq", "is_staff": false, "is_active": true, "date_joined": "2022-07-06T20:02:15.251Z", "profile_image": "images/trippy_art_BeVqAqR.jpg", "cover_image": "images/default.jpg", "bio": "Hello, im new!", "groups": [], "user_permissions": []}}, {"model": "network.user", "pk": 37, "fields": {"password": "pbkdf2_sha256$320000$JQTIOkvSXltHkZQgNww42H$bkr/k8vuKuN2px+y/OxHgCzdiwPclR3a5ZhwpY4Y1Sw=", "last_login": "2022-07-06T20:03:35.864Z", "is_superuser": false, "username": "1234", "first_name": "", "last_name": "", "email": "1234@sa.com", "is_staff": false, "is_active": true, "date_joined": "2022-07-06T20:03:35.631Z", "profile_image": "images/trippy_art_eCvRchG.jpg", "cover_image": "images/default.jpg", "bio": "Hello, im new!", "groups": [], "user_permissions": []}}, {"model": "network.user", "pk": 38, "fields": {"password": "pbkdf2_sha256$320000$YBSrOIp9kydDbocWbOKdNS$tyuD8CxEyBPUlzfSlztrn0F6HSh9qO9xoIYz0N+r94w=", "last_login": "2022-07-06T20:10:40.673Z", "is_superuser": false, "username": "lol", "first_name": "", "last_name": "", "email": "lol@lol.com", "is_staff": false, "is_active": true, "date_joined": "2022-07-06T20:10:40.117Z", "profile_image": "images/trippy_art_lewA5F3.jpg", "cover_image": "cover/moon.jpg", "bio": "sa", "groups": [], "user_permissions": []}}, {"model": "network.user", "pk": 39, "fields": {"password": "pbkdf2_sha256$320000$xvAidqk3MJeRT9Ge4OvJ1c$cQU2Irfas7Gayjm1Qydp3NVB1ksQJ3LAhhByQ+zZR8k=", "last_login": "2022-07-06T20:13:03.902Z", "is_superuser": false, "username": "lol2", "first_name": "", "last_name": "", "email": "lol2@lol2.com", "is_staff": false, "is_active": true, "date_joined": "2022-07-06T20:13:03.287Z", "profile_image": "images/trippy_art_9Of8fkK.jpg", "cover_image": "images/default.jpg", "bio": "Hello, im new!", "groups": [], "user_permissions": []}}, {"model": "network.user", "pk": 40, "fields": {"password": "pbkdf2_sha256$320000$NHFgamSy2Vjo8SfheN755f$cJvzewIwK+vPqADr9ZZ98iVwCDTX/MZILVkPyW5yPsc=", "last_login": "2022-07-06T20:19:07.433Z", "is_superuser": false, "username": "zumb", "first_name": "", "last_name": "", "email": "zumb@zumb.com", "is_staff": false, "is_active": true, "date_joined": "2022-07-06T20:19:06.575Z", "profile_image": "images/trippy_art_OVyU6F9.jpg", "cover_image": "images/111.jpg", "bio": "Hello, im new!", "groups": [], "user_permissions": []}}, {"model": "network.user", "pk": 41, "fields": {"password": "pbkdf2_sha256$320000$pgWgUUqTyCkGXk3uMSVxaM$7sHvdNlN+rTE+i9uSlj+MnVYn+tQEF729OeNObRptzU=", "last_login": "2022-07-06T20:24:43.870Z", "is_superuser": false, "username": "pop", "first_name": "", "last_name": "", "email": "pop@pop.co", "is_staff": false, "is_active": true, "date_joined": "2022-07-06T20:24:43.216Z", "profile_image": "images/trippy_art_OsQuFyh.jpg", "cover_image": "media/111.jpg", "bio": "Hello, im new!", "groups": [], "user_permissions": []}}, {"model": "network.user", "pk": 42, "fields": {"password": "pbkdf2_sha256$320000$usu0t9aFtHP4273fUZ7CVv$LZLR8Q3C9zz3PdqGt2EsoMuXzSh10EwjXkRdJWET7MY=", "last_login": "2022-07-06T20:25:50.916Z", "is_superuser": false, "username": "lop", "first_name": "", "last_name": "", "email": "lop@lop.com", "is_staff": false, "is_active": true, "date_joined": "2022-07-06T20:25:50.279Z", "profile_image": "images/trippy_art_BxJNndk.jpg", "cover_image": "media/111.jpg", "bio": "Hello, im new!", "groups": [], "user_permissions": []}}, {"model": "network.user", "pk": 43, "fields": {"password": "pbkdf2_sha256$320000$O7IQqIvWteLe54VLutgYTJ$gFQrrQKfQu9m6wQXghBVeKBFGRHXbljtbvWCkpM+F4o=", "last_login": "2022-07-06T20:30:36.493Z", "is_superuser": false, "username": "koko", "first_name": "", "last_name": "", "email": "koko@koko.com", "is_staff": false, "is_active": true, "date_joined": "2022-07-06T20:30:35.877Z", "profile_image": "images/trippy_art_Fh1GwFY.jpg", "cover_image": "cover/einstein_zoi3tul.jpg", "bio": "Hello, im new!", "groups": [], "user_permissions": []}}, {"model": "network.user", "pk": 44, "fields": {"password": "pbkdf2_sha256$260000$adKvWIohVDL4aq038Okom6$F872EtKfRcfosfSFPwGyAaT/1QZps5rbO0aTiz0wrVE=", "last_login": "2022-07-06T21:18:27.442Z", "is_superuser": false, "username": "qwqq", "first_name": "", "last_name": "", "email": "qwq@sal.com", "is_staff": false, "is_active": true, "date_joined": "2022-07-06T21:18:27.240Z", "profile_image": "images/trippy_art_phxecdu.jpg", "cover_image": "/media/cover/jaguar.jpg", "bio": "Hello, im new!", "groups": [], "user_permissions": []}}, {"model": "network.user", "pk": 45, "fields": {"password": "pbkdf2_sha256$260000$IVOhWbc9pLLXH50yW33KF3$0ALT2/ZHhTL17SnCIIOfqsSv/3jPrLhD7Z8JVL5T5n8=", "last_login": "2022-07-06T21:19:11.945Z", "is_superuser": false, "username": "zop", "first_name": "", "last_name": "", "email": "zop@zop.com", "is_staff": false, "is_active": true, "date_joined": "2022-07-06T21:19:11.749Z", "profile_image": "images/trippy_art_5dD80J0.jpg", "cover_image": "/cover/jaguar.jpg", "bio": "Hello, im new!", "groups": [], "user_permissions": []}}, {"model": "network.user", "pk": 46, "fields": {"password": "pbkdf2_sha256$260000$N8j7nTPgu0S5sbBCLN2dc8$zy8QV4DfkNnQ4Tz2XscfjZuhN8jZnC/GthfNTbdNEAg=", "last_login": "2022-07-06T21:26:21.030Z", "is_superuser": false, "username": "rumba", "first_name": "", "last_name": "", "email": "rumba@sa.com", "is_staff": false, "is_active": true, "date_joined": "2022-07-06T21:26:20.841Z", "profile_image": "images/trippy_art_mzYZh5q.jpg", "cover_image": "jaguar.jpg", "bio": "Hello, im new!", "groups": [], "user_permissions": []}}, {"model": "network.user", "pk": 47, "fields": {"password": "pbkdf2_sha256$260000$tsoDvgmVRGQAsJssivytfd$tuBhq1eyiwnFYA5FLo2ANLfs+eoEbU7Z2j2osRqIJAA=", "last_login": "2022-07-06T21:27:18.959Z", "is_superuser": false, "username": "fd", "first_name": "", "last_name": "", "email": "fd@fd.com", "is_staff": false, "is_active": true, "date_joined": "2022-07-06T21:27:18.769Z", "profile_image": "images/trippy_art_8no7JET.jpg", "cover_image": "cover/jaguar.jpg", "bio": "Hello, im new!", "groups": [], "user_permissions": []}}, {"model": "network.user", "pk": 48, "fields": {"password": "pbkdf2_sha256$260000$Y4whUv3iHJLOV6v2Lv18sy$WZNf4AMR5YYUhzHA/M6RrujXhTBnRrV2QhEkIxm3dy4=", "last_login": "2022-07-06T22:55:34.894Z", "is_superuser": false, "username": "mk", "first_name": "", "last_name": "", "email": "mk@mk.com", "is_staff": false, "is_active": true, "date_joined": "2022-07-06T22:55:34.697Z", "profile_image": "images/trippy_art_CKMRqbH.jpg", "cover_image": "cover/jaguar.jpg", "bio": "Hello, im new!", "groups": [], "user_permissions": []}}, {"model": "network.user", "pk": 49, "fields": {"password": "pbkdf2_sha256$260000$lZfCW8RaVTWBuiQVjgHPfb$5e97UIzQVNaBeis4QaVB+e7UJHERn2R5JIncehOfsRQ=", "last_login": "2022-07-06T22:56:29.802Z", "is_superuser": false, "username": "nj", "first_name": "", "last_name": "", "email": "nj@nj.com", "is_staff": false, "is_active": true, "date_joined": "2022-07-06T22:56:29.583Z", "profile_image": "images/trippy_art_RQALYRR.jpg", "cover_image": "cover/jaguar.jpg", "bio": "Hello, im new!", "groups": [], "user_permissions": []}}, {"model": "network.user", "pk": 50, "fields": {"password": "pbkdf2_sha256$260000$w63BwZohbMzLt2vULOSGjD$/WZpuv6gzgn5/IUUh9CU4M8yEn+cml3LFIk5aqk622c=", "last_login": "2022-07-06T22:58:23.073Z", "is_superuser": false, "username": "last", "first_name": "", "last_name": "", "email": "lasd@als.com", "is_staff": false, "is_active": true, "date_joined": "2022-07-06T22:58:22.878Z", "profile_image": "images/trippy_art_pq3iyOL.jpg", "cover_image": "cover\\jaguar.jpg", "bio": "Hello, im new!", "groups": [], "user_permissions": []}}, {"model": "network.user", "pk": 51, "fields": {"password": "pbkdf2_sha256$260000$6a7yG58kTwob15nTnl3XxN$RhA6xbsIK0HwxqA/BWHqphDl7aFXZ0+qdUDtneXzx1c=", "last_login": "2022-07-06T22:59:30.287Z", "is_superuser": false, "username": "ji", "first_name": "", "last_name": "", "email": "ji@ji.com", "is_staff": false, "is_active": true, "date_joined": "2022-07-06T22:59:30.076Z", "profile_image": "images/trippy_art_kPTRH5x.jpg", "cover_image": "cover/trippy_art_v6Ge95Z.jpg", "bio": "Hello, im new!", "groups": [], "user_permissions": []}}, {"model": "network.user", "pk": 52, "fields": {"password": "pbkdf2_sha256$260000$kRxLlgm3InwpoRKUmEKcVV$D6U2fXRrFsHKcuDfwZatVk5wr3zRxHWYRe68AYGmhbE=", "last_login": "2022-07-06T23:00:54.359Z", "is_superuser": false, "username": "pp", "first_name": "", "last_name": "", "email": "ppp@pp.com", "is_staff": false, "is_active": true, "date_joined": "2022-07-06T23:00:54.118Z", "profile_image": "images/trippy_art_mfU9W4d.jpg", "cover_image": "jaguar.jpg", "bio": "Hello, im new!", "groups": [], "user_permissions": []}}, {"model": "network.user", "pk": 53, "fields": {"password": "pbkdf2_sha256$260000$Y1fgPbPICKyfmm5sfqihaZ$mpeFrFglOfy1BkmwDy0OsKIMzM04jz5iUCvuRyPPGr8=", "last_login": "2022-07-06T23:01:42.496Z", "is_superuser": false, "username": "jkjk", "first_name": "", "last_name": "", "email": "jkjk@jkk.com", "is_staff": false, "is_active": true, "date_joined": "2022-07-06T23:01:42.301Z", "profile_image": "images/moon_o5luoiB.jpg", "cover_image": "/media/images/jaguar.jpg", "bio": "Hello, im new!", "groups": [], "user_permissions": []}}, {"model": "network.user", "pk": 54, "fields": {"password": "pbkdf2_sha256$260000$A1Rr04E5gXEoO9rp2ZqspX$PqOxQqbcyx2CaanSW6ZOMhw709LB7ATmSIj794t3sVU=", "last_login": "2022-07-06T23:02:28.864Z", "is_superuser": false, "username": "mn", "first_name": "", "last_name": "", "email": "mn@mn.com", "is_staff": false, "is_active": true, "date_joined": "2022-07-06T23:02:28.667Z", "profile_image": "images/HD-wallpaper-dark-night-monster-scary.jpg", "cover_image": "/images/jaguar.jpg", "bio": "Hello, im new!", "groups": [], "user_permissions": []}}, {"model": "network.user", "pk": 55, "fields": {"password": "pbkdf2_sha256$260000$GXcDzQ1Pulgbn3lgL3Sa6x$7c1IqmR3bacQQs9cXz3gmbAIKT24Jc0Nsn7wcSoPOQ4=", "last_login": "2022-07-06T23:04:26.285Z", "is_superuser": false, "username": "moon", "first_name": "", "last_name": "", "email": "moon@m.com", "is_staff": false, "is_active": true, "date_joined": "2022-07-06T23:04:26.095Z", "profile_image": "images/trippy_art_QcPqQRC.jpg", "cover_image": "/images/jaguar.jpg", "bio": "Hello, im new!", "groups": [], "user_permissions": []}}, {"model": "network.user", "pk": 56, "fields": {"password": "pbkdf2_sha256$260000$b1V9aumbj8aP2RpMv2OdBG$HgcankEfcxufy4qdttmybsxqj6fTVVz62UmcO0wzLLw=", "last_login": "2022-07-06T23:05:17.302Z", "is_superuser": false, "username": "bn", "first_name": "", "last_name": "", "email": "bn@bn.com", "is_staff": false, "is_active": true, "date_joined": "2022-07-06T23:05:17.108Z", "profile_image": "images/trippy_art_ukoIlZp.jpg", "cover_image": "/images/default.jpg", "bio": "Hello, im new!", "groups": [], "user_permissions": []}}, {"model": "network.user", "pk": 57, "fields": {"password": "pbkdf2_sha256$260000$ZadJucAsVHYt8b9jaDzhNG$aYPkWI7OmIS2DNm13gKKsAD1F/ww5HkYW5VZu9PE89M=", "last_login": "2022-07-06T23:05:47.723Z", "is_superuser": false, "username": "vg", "first_name": "", "last_name": "", "email": "vg@sa.com", "is_staff": false, "is_active": true, "date_joined": "2022-07-06T23:05:47.534Z", "profile_image": "images/trippy_art_yjEbLch.jpg", "cover_image": "/images/default.jpeg", "bio": "Hello, im new!", "groups": [], "user_permissions": []}}, {"model": "network.user", "pk": 58, "fields": {"password": "pbkdf2_sha256$260000$2nSCww2JIbaKId6EuesdxJ$BcKHI4oR7qp96uh3cpEoOCIN6euCe5CJln9lS+c6wRk=", "last_login": "2022-07-06T23:07:12.287Z", "is_superuser": false, "username": "bh", "first_name": "", "last_name": "", "email": "bh2@bh.com", "is_staff": false, "is_active": true, "date_joined": "2022-07-06T23:07:12.085Z", "profile_image": "images/trippy_art_WBH8qfW.jpg", "cover_image": "/images/default.jpeg", "bio": "Hello, im new!", "groups": [], "user_permissions": []}}, {"model": "network.user", "pk": 59, "fields": {"password": "pbkdf2_sha256$260000$NLnhBPivr2rxz3qNoOiig8$OaEiEKPt2Ne3QEv+sLRqrCPTNK5Ah0JKtDdE3mxrpNE=", "last_login": "2022-07-06T23:09:56.125Z", "is_superuser": false, "username": "lk", "first_name": "", "last_name": "", "email": "lk@lk.com", "is_staff": false, "is_active": true, "date_joined": "2022-07-06T23:09:55.934Z", "profile_image": "images/trippy_art_xBHn6wM.jpg", "cover_image": "/images/network.jpg", "bio": "Hello, im new!", "groups": [], "user_permissions": []}}, {"model": "network.user", "pk": 60, "fields": {"password": "pbkdf2_sha256$260000$qtgGAq49z7LSyS42E5MeRm$68RWXsKCTMXYbsAPbDiBfmCVpDg6iprJ4UAUa50FTmM=", "last_login": "2022-07-06T23:10:49.611Z", "is_superuser": false, "username": "juqj", "first_name": "", "last_name": "", "email": "ju@ju.com", "is_staff": false, "is_active": true, "date_joined": "2022-07-06T23:10:49.414Z", "profile_image": "images/trippy_art_5bHWjKP.jpg", "cover_image": "/images/jaguar.jpg", "bio": "Hello, im new!", "groups": [], "user_permissions": []}}, {"model": "network.post", "pk": 1, "fields": {"user": 2, "text": "Just a test. Soon full deployment will be available.", "post_date": "2022-05-17T09:36:49.947Z"}}, {"model": "network.post", "pk": 2, "fields": {"user": 2, "text": "sa", "post_date": "2022-05-17T09:42:40.968Z"}}, {"model": "network.post", "pk": 3, "fields": {"user": 2, "text": "s", "post_date": "2022-05-17T09:44:43.789Z"}}, {"model": "network.post", "pk": 4, "fields": {"user": 3, "text": "wq", "post_date": "2022-05-17T10:00:04.965Z"}}, {"model": "network.post", "pk": 5, "fields": {"user": 4, "text": "zoop", "post_date": "2022-05-17T10:02:21.839Z"}}, {"model": "network.post", "pk": 6, "fields": {"user": 5, "text": "ui", "post_date": "2022-05-17T10:04:24.151Z"}}, {"model": "network.post", "pk": 7, "fields": {"user": 6, "text": "You are what you think.", "post_date": "2022-05-17T10:07:59.423Z"}}, {"model": "network.post", "pk": 8, "fields": {"user": 10, "text": "@second is cool!", "post_date": "2022-05-18T16:29:11.726Z"}}, {"model": "network.post", "pk": 9, "fields": {"user": 16, "text": "e", "post_date": "2022-06-22T19:50:43.327Z"}}, {"model": "network.post", "pk": 10, "fields": {"user": 18, "text": "wq", "post_date": "2022-06-23T09:29:12.873Z"}}, {"model": "network.post", "pk": 11, "fields": {"user": 37, "text": "ds", "post_date": "2022-07-06T16:03:40.173Z"}}, {"model": "network.follower", "pk": 1, "fields": {"follower": 6, "following": 5}}, {"model": "network.follower", "pk": 3, "fields": {"follower": 8, "following": 4}}, {"model": "network.follower", "pk": 4, "fields": {"follower": 11, "following": 10}}, {"model": "network.follower", "pk": 5, "fields": {"follower": 10, "following": 11}}, {"model": "network.follower", "pk": 6, "fields": {"follower": 17, "following": 16}}, {"model": "network.follower", "pk": 8, "fields": {"follower": 16, "following": 10}}, {"model": "network.follower", "pk": 9, "fields": {"follower": 16, "following": 6}}, {"model": "network.like", "pk": 1, "fields": {"post": 7, "user": 6}}, {"model": "network.like", "pk": 2, "fields": {"post": 8, "user": 10}}, {"model": "network.like", "pk": 3, "fields": {"post": 8, "user": 12}}, {"model": "network.like", "pk": 4, "fields": {"post": 9, "user": 17}}, {"model": "network.like", "pk": 7, "fields": {"post": 11, "user": 39}}, {"model": "sessions.session", "pk": "g86xnw6tgum2kn1uk1usqjc2nbkkjiqh", "fields": {"session_data": "e30:1o4N5b:ns7XCqDr4ncouGe0nff-saa5aAIw2LVBX6rlyiOnTmo", "expire_date": "2022-07-07T13:41:43.312Z"}}, {"model": "sessions.session", "pk": "j9anc6f7auag14ohbffv4s0qy1wcxweo", "fields": {"session_data": "e30:1nJMRQ:Jho0fgdUYyzuXoQgm3RJyexXeRAQuBZUF1-_0716lQI", "expire_date": "2022-02-27T21:29:56.221Z"}}, {"model": "sessions.session", "pk": "lr1h9l0yagl8x4d8kpex950o7p69uxlz", "fields": {"session_data": "e30:1o4N3S:dECQxUpMzGN_u1EIOmgF5yr0CxIHTddAoxFeE0pwCrw", "expire_date": "2022-07-07T13:39:30.151Z"}}, {"model": "sessions.session", "pk": "otxqxqlcqrh9xw99zo3zehmuvb3kvv2i", "fields": {"session_data": ".eJxVjDsOwjAQBe_iGln-xHFCSc8ZrF3vGgeQLcVJhbg7MkoBzSvejOYlAuxbDnvjNSwkzmJU4vR7IsQHl07oDuVWZaxlWxeUXZEHbfJaiZ-Xw_0LZGj529We9Zismg1CgiEatoiDIZqiN47R-RTTxIr7Rqs168TsPIHzM4n3ByR9OVg:1o9EAT:Ze_UxlnhSoj0IDzJL2ceLn32VhIgmyL5yyQJMiDY8v8", "expire_date": "2022-07-20T23:10:49.626Z"}}, {"model": "sessions.session", "pk": "setqrwbd84zkafx1m5oe2rcbenc2boof", "fields": {"session_data": "e30:1o4N1P:UwkHBfvDKCURnrxTvdhHG9muNuYpaopEUriCoTSfYkE", "expire_date": "2022-07-07T13:37:23.023Z"}}, {"model": "sessions.session", "pk": "y2ye3rfv16zv8o7e8dnfr7n92nyc5c37", "fields": {"session_data": "e30:1o4N2M:sa6IaGxZQZHkEtycqVKSxk1Mz_amWGhhLMvGoGVAw9A", "expire_date": "2022-07-07T13:38:22.397Z"}}]
